{"loss": 0.26790541476011276, "acc": 0.901, "gmean": 0.8344385028524091}