{"loss": 0.29210389125347136, "acc": 0.876, "gmean": 0.2863472727442069}