{"loss": 0.2379482798576355, "acc": 0.906, "gmean": 0.6129948138088731}